{
    "rmse": 0.7213963426597851,
    "mae": 0.5621992369774346,
    "r2": 0.2170639738933695
}