{
    "rmse": 0.6632120174960023,
    "mae": 0.5341118185716615,
    "r2": 0.2558706970745033
}